{
    "language": "en",
    "prodBuild": "false",
    "cssPath": "../../css/",
    "jsPath": "../../js/",
    "imagePath": "../../images/",
    "assetsPath": "../../assets/",
    "bodyClass": "style--colors--theme-1 style--corners--semirounded style--headings--public-sans style--body--public-sans",
    "cssIncludes": {
        "select2": true,
        "bootstrapDatepicker": true,
        "uswds": true
    },
    "jsIncludes": {
        "jquery": true,
        "select2": true,
        "materialize": true,
        "bootstrap": true,
        "matchMedia": true,
        "dataTables": true,
        "dateTimePicker": true,
        "uswds": true
    }
}